size,seed,greedy_time_s,greedy_obj,greedy_status,optimality_gap_pct_greedy,ls_time_s,ls_obj,ls_status,optimality_gap_pct_ls,sa_time_s,sa_obj,sa_status,optimality_gap_pct_sa,exact_time_s,exact_obj,exact_status
5,42,3.2800016924738884e-05,7.377130638413736,heuristic,19.699394478934614,0.0002886999864131212,6.16304758309534,heuristic,0.0,0.038093999959528446,6.16304758309534,heuristic,0.0,0.664965600008145,6.16304758309534,Optimal
10,42,2.9399991035461426e-05,11.12423760216909,heuristic,36.33886043696039,0.0015333000337705016,8.806197131922392,heuristic,7.928913844434633,0.036197500070557,8.954459801067985,heuristic,9.746023841501826,0.3477265000110492,8.15925669799232,Optimal
