file,weapons,targets,mu,exact_time_s,bna_time_s,exact_obj,bna_obj,exact_status,bna_status
wta_50x100x1.txt,50,100,1,,117.1531325999822,,1734.302278167934,skipped,optimal
wta_50x100x2.txt,50,100,2,,124.26309079999919,,123.8384583301924,skipped,optimal
wta_50x100x3.txt,50,100,3,,92.10836709997966,,20.590016186212733,skipped,optimal
wta_100x200x1.txt,100,200,1,,249.44725719999406,,2862.302805332282,skipped,optimal
wta_100x200x2.txt,100,200,2,,247.86279959999956,,116.05743520283013,skipped,optimal
wta_100x200x3.txt,100,200,3,,261.4789396999986,,14.57913317306818,skipped,optimal
wta_150x300x1.txt,150,300,1,,467.74260440000216,,3740.4174771419302,skipped,optimal
wta_150x300x2.txt,150,300,2,,348.3329145999742,,103.15103115578951,skipped,optimal
