method,runtime_s,objective_value
Greedy,0.00039505832925594103,2377.8479942855497
Greedy + Local Search,13.273468324992185,2338.5667829158333
Simulated Annealing,0.05685504166467581,2368.2857902022165
Exact MIP (PuLP),203.83666395832552,2361.689222338146
Branch & Adjust (SCIP),142.5796829499935,2360.7312592723124
Outer Approximation (SCIP),100.31978625000436,2320.9979965633333
